{"result": [{"time_stamp": 3.2379e-319, "cost": 100000000, "feasible": 0, "traj_feas": 0, "goal_feas": 0, "start_feas": 0, "col_feas": 0, "x_bounds_feas": 0, "u_bounds_feas": 0, "start": [], "goal": [], "max_jump": -1, "max_collision": -1, "goal_distance": -1, "start_distance": -1, "x_bound_distance": -1, "u_bound_distance": -1, "num_states": 47, "states": [[0.0, 0.0, 0.0], [0.046540000000000026, 0.0, -8.55562e-07], [0.09247000000000005, 0.0, -1.65687e-06], [0.13783999999999996, 0.0, -2.29894e-06], [0.18276000000000003, 0.0, -2.8034e-06], [0.22740000000000005, 0.0, -3.13835e-06], [0.27190000000000003, 0.0, -3.45169e-06], [0.3163499999999999, 0.0, -3.63554e-06], [0.3607499999999999, 0.0, -3.79437e-06], [0.4051, 0.0, -3.83348e-06], [0.4494, 0.0, -3.72991e-06], [0.49366, 0.0, -3.60711e-06], [0.53786, 0.0, -3.30277e-06], [0.5820099999999999, 0.0, -2.9423e-06], [0.6261099999999999, 0.0, -2.54945e-06], [0.6701600000000001, 0.0, -2.00772e-06], [0.7141599999999999, 0.0, -1.36228e-06], [0.7581, 0.0, -7.0065e-07], [0.80199, 0.0, 8.70783e-09], [0.8458300000000001, 0.0, 7.58952e-07], [0.8896200000000001, 0.0, 1.51334e-06], [0.9333499999999999, 0.0, 2.33184e-06], [0.97702, 0.0, 3.18284e-06], [1.0206400000000002, 0.0, 3.98328e-06], [1.0642, 0.0, 4.74873e-06], [1.1076899999999998, 0.0, 5.35078e-06], [1.1511200000000001, 0.0, 5.8638e-06], [1.19448, 0.0, 6.32275e-06], [1.2377699999999998, 0.0, 6.61875e-06], [1.2810100000000002, 0.0, 6.72239e-06], [1.3241900000000002, 0.0, 6.63293e-06], [1.3673099999999998, 0.0, 6.34934e-06], [1.4103500000000002, 0.0, 5.90921e-06], [1.4532600000000002, 0.0, 5.26504e-06], [1.4959699999999998, 0.0, 4.49356e-06], [1.5384600000000002, 0.0, 3.54279e-06], [1.58074, 0.0, 2.58897e-06], [1.62289, 0.0, 1.54594e-06], [1.6649699999999998, 0.0, 4.66926e-07], [1.7069999999999999, 0.0, -6.48961e-07], [1.7489599999999998, 0.0, -1.98475e-06], [1.79088, 0.0, -3.50374e-06], [1.8327499999999999, 0.0, -5.14088e-06], [1.8745699999999998, 0.0, -6.82564e-06], [1.9163800000000002, 0.0, -8.03107e-06], [1.95817, 0.0, -7.72835e-06], [1.9999799999999999, 0.0, -1.23064e-09]], "num_actions": 46, "actions": [[0.465416, -8.55562e-06], [0.459288, -8.01305e-06], [0.453652, -6.42072e-06], [0.449253, -5.04457e-06], [0.446385, -3.34957e-06], [0.44502, -3.13337e-06], [0.444483, -1.83847e-06], [0.443998, -1.58829e-06], [0.443511, -3.91117e-07], [0.443022, 1.03567e-06], [0.442531, 1.22797e-06], [0.442033, 3.04343e-06], [0.441527, 3.60469e-06], [0.441013, 3.92856e-06], [0.440491, 5.41723e-06], [0.439965, 6.45443e-06], [0.439436, 6.61629e-06], [0.438908, 7.09358e-06], [0.43838, 7.50244e-06], [0.437848, 7.54384e-06], [0.437308, 8.18508e-06], [0.436753, 8.50999e-06], [0.436174, 8.00437e-06], [0.435568, 7.65453e-06], [0.434933, 6.0205e-06], [0.434274, 5.13014e-06], [0.433612, 4.58951e-06], [0.432965, 2.96004e-06], [0.432369, 1.03635e-06], [0.431819, -8.94613e-07], [0.431196, -2.83584e-06], [0.43038, -4.4013e-06], [0.429041, -6.44171e-06], [0.427103, -7.71486e-06], [0.424945, -9.50762e-06], [0.42283, -9.53821e-06], [0.421458, -1.04303e-05], [0.420829, -1.07901e-05], [0.420239, -1.11589e-05], [0.41968, -1.33579e-05], [0.419154, -1.51899e-05], [0.418677, -1.63714e-05], [0.418271, -1.68476e-05], [0.418012, -1.20543e-05], [0.4179, 3.02728e-06], [0.418179, 7.72711e-05]]}, {"time_stamp": 3.2379e-319, "cost": 100000000, "feasible": 0, "traj_feas": 0, "goal_feas": 0, "start_feas": 0, "col_feas": 0, "x_bounds_feas": 0, "u_bounds_feas": 0, "start": [], "goal": [], "max_jump": -1, "max_collision": -1, "goal_distance": -1, "start_distance": -1, "x_bound_distance": -1, "u_bound_distance": -1, "num_states": 34, "states": [[0, 0, 0], [0.0499746, 0, 0.254481], [0.240794, 0.0496361, 0.359454], [0.241642, 0.0499546, 0.461099], [0.241471, 0.0498699, 0.56052], [0.241194, 0.0496962, 0.658914], [0.241544, 0.049967, 0.757028], [0.241402, 0.0498329, 0.855066], [0.241546, 0.0499988, 0.953044], [0.241547, 0.0499993, 1.05096], [0.241547, 0.0499994, 1.14882], [0.241547, 0.0499994, 1.24663], [0.241547, 0.0499994, 1.34438], [0.241547, 0.0499995, 1.44208], [0.241547, 0.0499995, 1.53973], [0.241547, 0.0499995, 1.63734], [0.241547, 0.0499995, 1.7349], [0.241547, 0.0499994, 1.83241], [0.241547, 0.0499994, 1.92989], [0.241547, 0.0499994, 2.02733], [0.241547, 0.0499993, 2.12473], [0.241547, 0.0499992, 2.22211], [0.241547, 0.0499991, 2.31945], [0.241547, 0.0499989, 2.41677], [0.241547, 0.0499986, 2.51405], [0.241548, 0.049998, 2.6113], [0.241815, 0.0498414, 2.70852], [0.241492, 0.0499909, 2.80567], [0.241918, 0.0498421, 2.90267], [0.241517, 0.0499398, 2.99926], [0.240665, 0.0500619, 3.09464], [0.230108, 0.0505579, -3.09515], [0.209501, 0.0496001, -3.00448], [0.0249298, 0.0241326, 3.14006]], "num_actions": 33, "actions": [[0.499746, 2.54481], [1.97169, 1.04972], [0.00905483, 1.01645], [-0.00190557, 0.994214], [-0.00326571, 0.983942], [0.00442193, 0.981138], [-0.00195271, 0.980383], [0.00219864, 0.979778], [6.59291e-06, 0.979184], [6.33091e-07, 0.978599], [4.73724e-07, 0.978052], [3.32004e-07, 0.977528], [2.0587e-07, 0.977018], [1.0248e-07, 0.976521], [6.587e-09, 0.976038], [-9.09483e-08, 0.97558], [-1.99748e-07, 0.975152], [-3.32129e-07, 0.974758], [-5.0615e-07, 0.9744], [-7.50484e-07, 0.974069], [-1.11533e-06, 0.973757], [-1.69361e-06, 0.973454], [-2.66864e-06, 0.973147], [-4.41575e-06, 0.972826], [-9.69725e-06, 0.972481], [-0.0030974, 0.972187], [0.00356361, 0.971511], [-0.00451421, 0.970048], [0.00412694, 0.96581], [0.00860803, 0.953852], [0.105686, 0.933953], [0.206296, 0.90673], [1.8632, -1.38653]], "nodes": 1}]}