{"result": [{"states": [[0, 0, 0.0], [0, 0, 0.0016523628964373316], [0, 0, 0.013187625611643217], [0, 0, 0.04433282873048627], [0, 0, 0.10450575236325799], [0, 0, 0.2026663921274272], [0, 0, 0.34717565466430855], [0, 0, 0.5456635011467643], [0, 0, 0.8049086182335934], [0, 0, 1.1307315141315293], [0, 0, 1.527902725703819], [0, 0, 2.0000675842541025], [0, 0, 2.5496887264741463], [0, 0, 3.178007257192104], [0, 0, 3.8850231764079775], [0, 0, 4.669495379293611], [0, 0, 5.5289612291572405], [0, 0, 6.459775394695224], [0, 0, 7.457167339044309], [0, 0, 8.51531655399777], [0, 0, 9.627444352896806], [0, 0, 10.785920774568556], [0, 0, 11.982384912371703], [0, 0, 13.207876770688777], [0, 0, 14.452978569409488], [0, 0, 15.707963267948966], [0, 0, 16.962947966488446], [0, 0, 18.208049765209157], [0, 0, 19.43354162352623], [0, 0, 20.630005761329382], [0, 0, 21.788482183001122], [0, 0, 22.90060998190016], [0, 0, 23.958759196853624], [0, 0, 24.95615114120271], [0, 0, 25.886965306740695], [0, 0, 26.74643115660432], [0, 0, 27.530903359489955], [0, 0, 28.237919278705828], [0, 0, 28.866237809423787], [0, 0, 29.415858951643834], [0, 0, 29.888023810194113], [0, 0, 30.285195021766402], [0, 0, 30.611017917664338], [0, 0, 30.87026303475117], [0, 0, 31.068750881233626], [0, 0, 31.213260143770505], [0, 0, 31.311420783534672], [0, 0, 31.371593707167445], [0, 0, 31.40273891028629], [0, 0, 31.414274173001495], [0, 0, 31.41592653589793]], "actions": [[0, 0.0], [0, 0.049544792843595115], [0, 0.197397820394613], [0, 0.44122735208545677], [0, 0.7771880505446591], [0, 1.1999816148643256], [0, 1.702940337970503], [0, 2.278132260346829], [0, 2.916486261774423], [0, 3.607935118316587], [0, 4.341574268454119], [0, 5.105833784534566], [0, 5.888660837442832], [0, 6.677709776916338], [0, 7.460536829824606], [0, 8.224796345905052], [0, 8.958435496042584], [0, 9.649884352584747], [0, 10.288238354012343], [0, 10.863430276388668], [0, 11.366388999494847], [0, 11.789182563814512], [0, 12.125143262273715], [0, 12.36897279396456], [0, 12.516825821515578], [0, 12.566370614359172], [0, 12.516825821515578], [0, 12.36897279396456], [0, 12.125143262273717], [0, 11.789182563814512], [0, 11.366388999494847], [0, 10.86343027638867], [0, 10.288238354012345], [0, 9.64988435258475], [0, 8.958435496042581], [0, 8.224796345905053], [0, 7.460536829824608], [0, 6.67770977691634], [0, 5.888660837442836], [0, 5.105833784534563], [0, 4.341574268454122], [0, 3.6079351183165844], [0, 2.916486261774426], [0, 2.278132260346831], [0, 1.7029403379705017], [0, 1.1999816148643279], [0, 0.7771880505446578], [0, 0.44122735208545677], [0, 0.19739782039461162], [0, 0.049544792843595115]]}]}