{"actions": [[0, 0], [2.042017, 5.44148], [0.746637, 1.53455], [0.8787316, 1.106146], [0.9205706, 0.3271328], [0.982822, 0.1653373], [1.08958, 0.2021849], [1.037302, 0.2622886], [1.08408, 0.4808004], [1.080547, 0.6540643], [1.08536, 0.7741145], [1.070778, 0.8364625], [1.068289, 0.7020899], [1.068289, 0.7020899], [1.04864, 0.02594037], [1.06137, -0.2107361], [1.032774, -0.3033225], [1.017245, -0.2410078], [0.9844426, -0.01954433], [0.9834326, 0.2197821], [0.9834326, 0.2197821], [0.8932898, 0.2700462], [0.8838146, -0.0279099], [0.8334075, -0.2261265], [0.7859049, -0.3814824], [0.7334176, -0.4227736], [0.6902461, -0.5382788], [0.6902461, -0.5382788], [0.4695737, -0.2970201], [0.369392, -0.3825873], [0.2550521, -0.4592668], [0.1435729, -0.6326632], [0.02294837, -0.5187183], [0.02294837, -0.5187183], [0.02294837, -0.5187183], [0.02294837, -0.5187183]], "states": [[-0.0002746753, 0.0, -0.2740375, 108783000], [0.03992112, -0.005250983, -0.006372989, 201750000], [0.1275317, 0.01202271, 0.3696318, 305851000], [0.1803992, 0.03757671, 0.5225828, 395636000], [0.249307, 0.08555161, 0.6882797, 501639000], [0.3095006, 0.1389383, 0.7583826, 590222000], [0.3793534, 0.2089172, 0.7966198, 689118000], [0.460936, 0.2935607, 0.809366, 794577000], [0.5357914, 0.3724761, 0.8093654, 888656000], [0.6238924, 0.4660846, 0.8221119, 995166000], [0.7024415, 0.5509501, 0.8284844, 1088764000], [0.7917805, 0.6497656, 0.8476044, 1193677000], [0.8689172, 0.7413575, 0.898587, 1287832000], [0.9439444, 0.8412868, 0.955943, 1386117000], [1.019236, 0.9557861, 1.026047, 1494430000], [1.078453, 1.056698, 1.051539, 1586391000], [1.144708, 1.17322, 1.051539, 1691653000], [1.204942, 1.274171, 1.013302, 1785461000], [1.277041, 1.382886, 0.955943, 1890353000], [1.349079, 1.475048, 0.8667227, 1986394000], [1.428068, 1.56284, 0.8157407, 2085854000], [1.512284, 1.651046, 0.8029953, 2190108000], [1.58537, 1.726329, 0.8029923, 2282747000], [1.665594, 1.807302, 0.7711267, 2387499000], [1.733757, 1.869913, 0.7137708, 2478467000], [1.813677, 1.932623, 0.6118009, 2583895000], [1.882079, 1.975481, 0.5098367, 2675226000], [1.957107, 2.012025, 0.3951219, 2775590000], [2.028839, 2.037248, 0.2740345, 2878740000], [2.083168, 2.049674, 0.1656978, 2971593000], [2.130093, 2.054924, 0.05098279, 3076064000], [2.156174, 2.055052, -0.05735674, 3166236000], [2.168995, 2.053622, -0.2039346, 3272251000], [2.169533, 2.053509, -0.2166826, 3366402000], [2.169265, 2.053568, -0.223058, 3465222000], [2.169265, 2.053568, -0.223058, 3569425000]], "trajectory": "/trajectories/curve.json", "gains": [1, 5, 3]}