{"actions": [[0, 0], [0.549707, 0.2296271], [0.5722188, 0.07759771], [0.5843997, -0.1150612], [0.5909452, -0.2322666], [0.5892377, -0.3511452], [0.6055102, -0.5108268], [0.5655162, -0.7100923], [0.5588353, -0.7577862], [0.5435461, -0.7674119], [0.5387537, -0.7004471], [0.5276094, -0.5942764], [0.5333901, -0.4870069], [0.5333901, -0.4870069], [0.5071584, -0.2684163], [0.4967741, -0.2702574], [0.50061, -0.2721269], [0.4921574, -0.3113871], [0.4884996, -0.2390081], [0.4709202, -0.2390215], [0.4807746, -0.1302271], [0.4821391, -0.1307384], [0.476738, -0.1686939], [0.4761674, -0.2066498], [0.4694243, -0.2448912], [0.478275, -0.209018], [0.478275, -0.209018], [0.4611368, -0.136966], [0.4564108, -0.1746766], [0.4631807, -0.2127126], [0.4642943, -0.250981], [0.4583405, -0.2157266], [0.4425718, -0.1791352], [0.4523936, -0.1798647], [0.4549713, -0.1430678], [0.4504842, -0.1796685], [0.4511567, -0.1800161], [0.4473791, -0.2171721], [0.456033, -0.1815718], [0.456033, -0.1815718], [0.4507375, -0.2193407], [0.4478192, -0.1833665], [0.4472856, -0.2204951], [0.4456294, -0.1853462], [0.4548919, -0.1862776], [0.4318191, -0.186228], [0.4318191, -0.186228], [0.4318191, -0.186228]], "states": [[0.0005493495, 0.0, -0.03823779, 101626000], [0.002196049, -6.650036e-05, -0.03823779, 197901000], [0.02004531, -0.0004305584, -0.006372983, 300600000], [0.04888424, -0.000220509, 0.01274591, 393034000], [0.09034291, 0.0009381367, 0.04461082, 493111000], [0.1336829, 0.003165462, 0.07010266, 586216000], [0.1878736, 0.007749695, 0.09559458, 693050000], [0.2386785, 0.01312412, 0.1210865, 787708000], [0.2959025, 0.02037294, 0.133832, 893105000], [0.3449592, 0.02652568, 0.1210865, 984402000], [0.3951692, 0.03228267, 0.1083406, 1077908000], [0.4490383, 0.03738296, 0.0892211, 1180074000], [0.4994318, 0.04121275, 0.06372971, 1275444000], [0.5551072, 0.04426579, 0.04461088, 1382531000], [0.6045147, 0.04606659, 0.03186502, 1476853000], [0.6580575, 0.04751057, 0.02549102, 1581204000], [0.703639, 0.04869203, 0.02549173, 1671647000], [0.7552543, 0.05024445, 0.0382376, 1775715000], [0.8002829, 0.05152214, 0.02549174, 1867958000], [0.8516342, 0.05266513, 0.01911916, 1977339000], [0.8944783, 0.05326903, 0.00637187, 2069597000], [0.9378746, 0.05363845, 0.006373286, 2164214000], [0.9851139, 0.05429139, 0.006373286, 2266530000], [1.027683, 0.05492157, 0.01274516, 2359212000], [1.075743, 0.05587382, 0.01911915, 2463512000], [1.118038, 0.05657053, 0.01911915, 2556094000], [1.167747, 0.05739501, 0.01274657, 2664211000], [1.210868, 0.05784843, 0.006373988, 2758207000], [1.258658, 0.05851892, 0.01911916, 2863802000], [1.298753, 0.05930309, 0.01911774, 2952570000], [1.345161, 0.06038132, 0.02549174, 3057316000], [1.386078, 0.06134404, 0.01911774, 3149326000], [1.42755, 0.06194975, 0.01274657, 3245748000], [1.472869, 0.06240494, 0.006373991, 3351459000], [1.512421, 0.06262905, 0.00637399, 3445507000], [1.555817, 0.06302123, 0.006373988, 3549002000], [1.594818, 0.06343268, 0.006372571, 3641604000], [1.638763, 0.06397017, 0.01911915, 3746052000], [1.678312, 0.06457069, 0.006372575, 3839241000], [1.72418, 0.06506093, 0.01274516, 3946793000], [1.76373, 0.0655424, 0.01274516, 4038214000], [1.809049, 0.06596959, 0.006372578, 4143822000], [1.847226, 0.06641255, 0.02549174, 4235496000], [1.890891, 0.06726165, 0.01911774, 4339575000], [1.927419, 0.0677659, 0.01274658, 4428648000], [1.971912, 0.0684277, 0.01274658, 4538567000], [2.009266, 0.06893545, 0.01274658, 4630460000], [2.02602, 0.06904401, -0.01911774, 4730574000]], "trajectory": "/trajectories/line.json", "gains": [1, 4, 4]}