{"actions": [[0, 0], [0.003274434, 0.4332478], [0.003274434, 0.6745363], [0.003274434, 1.098885], [0.003274434, 1.729327], [0.003274434, 2.585649], [0.003274434, 3.684071], [0.003274434, 5.036998], [0.004936496, 6.49987], [0.007351056, 7.866621], [0.009299156, 8.984336], [0.009277081, 9.925303], [0.006846228, 11.46507], [0.006846228, 11.46507], [-0.01069044, 10.89629], [-0.004829237, 11.02697], [0.006255709, 11.36021], [0.009985386, 11.20094], [0.0003080475, 11.41938], [0.0003080475, 11.41938], [-0.007420795, 12.21618], [0.004189173, 12.61489], [0.009209588, 16.03705], [-0.003093277, 15.62898], [-0.009205226, 14.68285], [-0.003504949, 12.08261], [-0.003504949, 12.08261], [0.003328024, 13.21678], [-0.008509064, 12.85745], [-0.009505778, 11.92815], [0.000891931, 11.42586], [0.009746677, 10.55438], [0.01043061, 9.980804], [-0.002021536, 8.534673], [-0.01002796, 7.458705], [-0.009460542, 6.884464], [-0.005762509, 6.208536], [-0.00118425, 5.844732], [0.001024163, 5.809245], [0.001024163, 5.809245], [0.007506179, 4.052218], [0.009575873, 3.641424], [0.01089649, 3.502936], [0.01089649, 3.361269], [0.01089649, 3.152807], [0.01089649, 3.152807], [0.01089649, 2.667996], [0.01089649, 2.458779], [0.01089649, 2.315881], [0.01089649, 2.315881]], "states": [[-0.003296098, 0.0, -0.1147134, 101057000], [-0.003296098, 0.0, -0.1147134, 205949000], [-0.003296098, 0.0, -0.1147134, 296304000], [-0.003296098, 0.0, -0.1147134, 401364000], [-0.003296098, 0.0, -0.1147134, 491878000], [-0.003296098, 0.0, -0.1147134, 587199000], [-0.003296098, 0.0, -0.1147134, 691914000], [-0.003296098, 0.0, -0.1147134, 788961000], [-0.005211147, 0.0001660485, -0.04461074, 892700000], [-0.007678059, 6.818687e-05, 0.1402052, 983539000], [-0.01029761, -0.0007152336, 0.535329, 1087899000], [-0.01249386, -0.002735398, 1.051539, 1181569000], [-0.01296248, -0.005115422, 1.720699, 1276613000], [-0.01167886, -0.007145328, 2.644777, 1385471000], [-0.00825812, -0.007378442, 3.568855, 1482745000], [-0.005966926, -0.004158291, 4.645885, 1592297000], [-0.008216887, 0.0002334441, 5.710168, 1689493000], [-0.01284847, -0.0001406422, 6.997506, 1798335000], [-0.01390898, -0.004671085, 8.208372, 1897176000], [-0.01022413, -0.007105367, 9.38738, 1998022000], [-0.006076338, -0.004536972, 10.60463, 2108952000], [-0.006915305, 0.0002922111, 11.83461, 2206251000], [-0.01261735, 0.0002922583, 13.37049, 2315840000], [-0.01294594, -0.004687309, 14.81079, 2412917000], [-0.006584658, -0.005301196, 16.40404, 2520746000], [-0.00569972, 0.000412573, 17.81249, 2620945000], [-0.01166273, 0.00271594, 19.13172, 2723487000], [-0.0153268, -0.002088216, 20.47006, 2833354000], [-0.01260912, -0.006181106, 21.62358, 2930468000], [-0.006743621, -0.004661355, 22.91092, 3039972000], [-0.005922925, 0.0004909687, 23.9561, 3137252000], [-0.009895288, 0.00388741, 25.05226, 3246531000], [-0.01384811, 0.002410856, 26.00821, 3348680000], [-0.01455482, -0.000933946, 26.94504, 3449756000], [-0.01274015, -0.003197491, 27.84363, 3559596000], [-0.008724861, -0.003655866, 28.47455, 3656507000], [-0.005387061, -0.001859704, 29.06087, 3765872000], [-0.00375298, 0.0006579951, 29.46237, 3863118000], [-0.003305423, 0.003074989, 29.86386, 3975552000], [-0.003637533, 0.00495968, 30.22712, 4083415000], [-0.004595041, 0.006616564, 30.52665, 4192043000], [-0.005894346, 0.008032351, 30.63499, 4289524000], [-0.006682038, 0.008798257, 30.66048, 4386576000], [-0.006682038, 0.008798257, 30.66048, 4496833000], [-0.006682038, 0.008798257, 30.66048, 4593859000], [-0.006682038, 0.008798257, 30.66048, 4710426000], [-0.006682038, 0.008798257, 30.66048, 4804379000], [-0.006682038, 0.008798257, 30.66048, 4913809000], [-0.006682038, 0.008798257, 30.66048, 5011908000], [-0.006682038, 0.008798257, 30.66048, 5123798000]], "trajectory": "/trajectories/rotation.json", "gains": [1, 3, 3]}